"id","name","swings_competitive","percent_swings_competitive","contact","avg_bat_speed","hard_swing_rate","squared_up_per_bat_contact","squared_up_per_swing","blast_per_bat_contact","blast_per_swing","swing_length","swords","batter_run_value","whiffs","whiff_per_swing","batted_ball_events","batted_ball_event_per_swing"
691406,"Caminero, Junior",1685,0.9083557951482479,1307,"79.024141561",0.8362017804154304,0.297628156082632,0.2308605341246291,0.23565416985462892,0.1827893175074184,"8.500371596",27,11.526687535684415,378,0.22433234421364986,682,0.40474777448071214
665833,"Cruz, Oneil",1263,0.9053763440860215,832,"78.670316223",0.782264449722882,0.3293269230769231,0.21694378463974665,0.24639423076923078,0.1623119556611243,"7.713330641",26,-21.356547414311944,431,0.3412509897070467,407,0.3222486144101346
691023,"Walker, Jordan",1338,0.904054054054054,935,"78.616275613",0.8183856502242153,0.28449197860962566,0.19880418535127056,0.2160427807486631,0.15097159940209268,"8.280415852",37,-6.238789092495056,403,0.30119581464872947,477,0.35650224215246634
701762,"Kurtz, Nick",1351,0.9079301075268817,891,"77.711576995",0.766099185788305,0.2839506172839506,0.18726868985936343,0.22334455667789002,0.14729829755736493,"7.729672272",35,17.593787044045634,460,0.3404885270170244,417,0.30866025166543304
666176,"Adell, Jo",1779,0.9030456852791878,1352,"77.472051203",0.7240022484541876,0.2522189349112426,0.19168071950534007,0.17455621301775148,0.13265879707700956,"7.727313867",51,-16.78290520891936,427,0.24002248454187747,619,0.34794828555368185
656941,"Schwarber, Kyle",1835,0.9008345606283751,1290,"77.22612315",0.7651226158038146,0.29224806201550385,0.20544959128065396,0.2186046511627907,0.1536784741144414,"7.511000283",86,19.460279772207034,545,0.2970027247956403,579,0.31553133514986376
592450,"Judge, Aaron",1435,0.9030837004405287,977,"76.731349937",0.6954703832752611,0.3336745138178096,0.22717770034843204,0.2374616171954964,0.1616724738675958,"8.109645617",47,39.14650146332941,458,0.3191637630662021,479,0.3337979094076655
695657,"Montgomery, Colson",1154,0.9043887147335423,776,"76.601684558",0.6854419410745234,0.25257731958762886,0.16984402079722705,0.17010309278350516,0.11438474870017332,"7.857309757",30,-4.7296784799698255,378,0.3275563258232236,369,0.3197573656845754
677594,"Rodríguez, Julio",1866,0.9058252427184466,1368,"76.474850798",0.6463022508038587,0.29678362573099415,0.21757770632368703,0.19298245614035087,0.1414790996784566,"7.718163424",29,-12.272161839209158,498,0.26688102893890675,699,0.3745980707395498
665489,"Guerrero Jr., Vladimir",1515,0.9099099099099099,1210,"76.464923314",0.6561056105610561,0.34793388429752065,0.2778877887788779,0.23636363636363636,0.18877887788778877,"7.601945677",15,-16.565375872681148,305,0.20132013201320131,727,0.47986798679867987
575929,"Contreras, Willson",1540,0.902696365767878,1111,"76.383086558",0.6564935064935066,0.279027902790279,0.2012987012987013,0.1791179117911791,0.1292207792207792,"7.939585455",33,3.740422932972127,429,0.2785714285714286,538,0.34935064935064936
695578,"Wood, James",1670,0.901241230437129,1183,"76.329008126",0.6455089820359282,0.33727810650887574,0.23892215568862277,0.23330515638207946,0.16526946107784432,"7.566462365",78,1.7172461101981846,487,0.29161676646706586,578,0.3461077844311377
660670,"Acuña Jr., Ronald",1092,0.899505766062603,788,"76.270297289",0.6556776556776556,0.28426395939086296,0.20512820512820512,0.18908629441624367,0.13644688644688643,"7.609307601",33,-9.431230738877879,304,0.2783882783882784,365,0.3342490842490842
663586,"Riley, Austin",1463,0.9036442248301421,1036,"75.793297225",0.5898838004101163,0.2799227799227799,0.19822282980177716,0.17471042471042472,0.12371838687628162,"7.560635762",35,-42.77770933421532,427,0.291866028708134,479,0.3274094326725906
701358,"Smith, Cam",1505,0.9039039039039038,1092,"75.699740937",0.5887043189368771,0.2600732600732601,0.18870431893687709,0.15934065934065933,0.11561461794019934,"7.468885867",24,-41.87007666201179,413,0.2744186046511628,519,0.34485049833887044
682985,"Greene, Riley",1930,0.9069548872180451,1342,"75.631640482",0.578756476683938,0.2615499254843517,0.18186528497409327,0.1602086438152012,0.11139896373056994,"7.273070373",17,-18.448547951229678,588,0.30466321243523314,574,0.29740932642487045
660271,"Ohtani, Shohei",1766,0.9037871033776868,1231,"75.462954694",0.5770101925254811,0.3704305442729488,0.2582106455266138,0.2420796100731113,0.16874292185730463,"7.912776501",23,25.77931939186087,535,0.3029445073612684,617,0.34937712344280863
656305,"Chapman, Matt",1374,0.9075297225891678,1052,"75.431616084",0.5502183406113539,0.2661596958174905,0.20378457059679767,0.1596958174904943,0.1222707423580786,"7.440287169",31,-29.5964430051,322,0.23435225618631733,500,0.363901018922853
682663,"Ramírez, Agustín",1158,0.9089481946624803,871,"75.357601615",0.5639032815198618,0.3111366245694604,0.23402417962003455,0.20321469575200918,0.15284974093264247,"7.527029758",26,-32.89170410614831,287,0.24784110535405873,478,0.41278065630397237
660821,"Sánchez, Jesús",1226,0.9047970479704797,918,"75.202804135",0.544861337683524,0.3017429193899782,0.22593800978792822,0.18082788671023964,0.13539967373572595,"6.907295106",17,-38.854049682999076,308,0.25122349102773245,456,0.3719412724306688
686948,"Baldwin, Drake",1318,0.9052197802197802,1059,"75.174058187",0.5500758725341427,0.31633616619452315,0.2541729893778452,0.18980169971671387,0.15250379362670713,"7.227334901",22,-7.961715321692154,259,0.19650986342943855,513,0.3892261001517451
663728,"Raleigh, Cal",1845,0.90087890625,1319,"75.087202369",0.5344173441734419,0.2539802880970432,0.18157181571815717,0.15011372251705837,0.1073170731707317,"7.884232889",42,-21.721004982281112,526,0.2850948509485095,528,0.2861788617886179
624413,"Alonso, Pete",1806,0.9079939668174962,1353,"75.082861916",0.5166112956810632,0.3318551367331855,0.24861572535991142,0.22246858832224686,0.16666666666666666,"7.109642049",29,-11.70907262956906,453,0.25083056478405313,669,0.3704318936877076
669065,"Stowers, Kyle",1356,0.904,939,"75.064440324",0.5213864306784662,0.3003194888178914,0.2079646017699115,0.18423855165069222,0.1275811209439528,"6.756655494",41,-0.8853632194958183,417,0.3075221238938053,430,0.31710914454277284
682998,"Carroll, Corbin",1699,0.9046858359957402,1283,"74.993059464",0.509123013537375,0.31098986749805146,0.23484402589758682,0.18550272798129383,0.14008240141259565,"7.366945539",23,-8.488866033179916,416,0.2448499117127722,621,0.3655091230135374
672356,"Arias, Gabriel",1077,0.9073294018534119,651,"74.989002433",0.5134633240482823,0.28417818740399386,0.17177344475394615,0.17050691244239632,0.10306406685236769,"7.583125023",27,-30.78545842172544,426,0.3955431754874652,305,0.28319405756731664
669394,"Burger, Jake",1265,0.90421729807005,885,"74.978055194",0.5367588932806326,0.3231638418079096,0.22608695652173913,0.20564971751412428,0.14387351778656127,"7.458024403",34,-24.101684321396434,380,0.30039525691699603,468,0.36996047430830037
683002,"Henderson, Gunnar",1811,0.9077694235588972,1408,"74.9529527",0.49751518498067354,0.3132102272727273,0.2435118718939812,0.18039772727272727,0.14025400331308668,"7.298886908",36,-28.979781840296045,403,0.22252898950855882,698,0.38542241855328546
680776,"Duran, Jarren",1707,0.9060509554140127,1215,"74.905347088",0.48506151142355003,0.29958847736625516,0.21323960164030462,0.18271604938271604,0.13005272407732865,"7.530076087",39,-42.40357955405547,492,0.28822495606326887,631,0.36965436438195665
683146,"Baty, Brett",1275,0.9048970901348474,937,"74.830669686",0.5043137254901963,0.30096051227321235,0.2211764705882353,0.1632870864461046,0.12,"7.367949349",33,-25.64764971562751,338,0.26509803921568625,456,0.35764705882352943
696100,"Goodman, Hunter",1675,0.9073672806067172,1155,"74.749390591",0.47104477611940293,0.29523809523809524,0.2035820895522388,0.16536796536796536,0.11402985074626866,"7.312915976",38,2.8894020746143387,520,0.31044776119402984,545,0.3253731343283582
621439,"Buxton, Byron",1504,0.9043896572459411,1077,"74.711132939",0.4674202127659575,0.31197771587743733,0.22340425531914893,0.19127205199628597,0.13696808510638298,"7.955980539",28,11.681129741616736,427,0.2839095744680851,541,0.35970744680851063
682829,"De La Cruz, Elly",1595,0.9067652075042638,1125,"74.670582389",0.46896551724137936,0.3422222222222222,0.2413793103448276,0.20977777777777779,0.14796238244514107,"7.14932279",42,-11.107033077574556,470,0.2946708463949843,603,0.3780564263322884
665487,"Tatis Jr., Fernando",1635,0.9038142620232172,1216,"74.639793768",0.4990825688073394,0.3659539473684211,0.27217125382262997,0.22615131578947367,0.16819571865443425,"7.295944171",53,-30.48561613984207,419,0.25626911314984707,678,0.41467889908256883
657757,"Sheets, Gavin",1416,0.9065300896286812,1142,"74.620917754",0.4992937853107344,0.29246935201401053,0.23587570621468926,0.15499124343257442,0.125,"7.733040473",37,-19.51107779025421,274,0.19350282485875706,568,0.4011299435028249
606466,"Marte, Ketel",1472,0.9092032118591723,1171,"74.619183546",0.45380434782608703,0.34671221178479933,0.2758152173913043,0.1964133219470538,0.15625,"7.788396848",21,-10.835791789004995,301,0.20448369565217392,648,0.44021739130434784
592518,"Machado, Manny",1828,0.9053987122337791,1372,"74.533222664",0.4359956236323852,0.33163265306122447,0.24890590809628008,0.19752186588921283,0.14824945295404815,"7.839889409",36,-33.349923302961216,456,0.24945295404814005,692,0.3785557986870897
671739,"Harris II, Michael",1693,0.9048637092463923,1293,"74.504502156",0.43709391612522147,0.3147718484145398,0.24040165386887183,0.19876256767208042,0.151801535735381,"8.092674932",32,-29.64448143582552,400,0.23626698168930893,671,0.3963378617838157
624585,"Soler, Jorge",1046,0.9048442906574394,727,"74.480223375",0.4636711281070745,0.27097661623108665,0.18833652007648183,0.15818431911966988,0.10994263862332695,"7.807890363",14,-18.934158919809697,319,0.3049713193116635,352,0.3365200764818356
545361,"Trout, Mike",1375,0.902230971128609,1031,"74.454385462",0.45163636363636367,0.27643064985451016,0.20727272727272728,0.1687681862269641,0.12654545454545454,"7.483151375",37,-16.535048679940118,344,0.25018181818181817,445,0.3236363636363636
669127,"Langeliers, Shea",1484,0.9082007343941249,1099,"74.386354953",0.45148247978436656,0.3275705186533212,0.24258760107816713,0.18562329390354868,0.13746630727762804,"7.223097547",7,-5.108119439049325,385,0.25943396226415094,576,0.3881401617250674
621566,"Olson, Matt",1986,0.9076782449725777,1513,"74.338176808",0.45115810674723056,0.29610046265697293,0.2255790533736153,0.18638466622604097,0.1419939577039275,"7.502099673",36,-8.226273901241392,473,0.23816717019133937,669,0.3368580060422961
547180,"Harper, Bryce",1757,0.9014879425346332,1246,"74.250342812",0.4581673306772908,0.3017656500802568,0.21400113830392714,0.17897271268057785,0.12692088787706318,"7.362793386",21,-15.7704267301013,511,0.2908366533864542,598,0.34035287421741606
641857,"McMahon, Ryan",1381,0.9032047089601046,948,"74.223766242",0.42722664735698773,0.310126582278481,0.21288921071687184,0.1751054852320675,0.12020275162925416,"7.418302049",43,-42.782614704910806,433,0.31354091238233167,428,0.3099203475742216
572233,"Walker, Christian",1844,0.9012707722385142,1355,"74.200320277",0.4251626898047722,0.2900369003690037,0.2131236442516269,0.16605166051660517,0.1220173535791757,"7.456564073",79,-34.42517200832323,489,0.2651843817787419,640,0.3470715835140998
671056,"Herrera, Iván",1347,0.9082939986513824,1076,"74.176893727",0.4528582034149963,0.30947955390334575,0.24721603563474387,0.16635687732342008,0.13288789903489234,"7.822964321",15,-23.92222652494483,271,0.2011878247958426,535,0.39717891610987377
694192,"Chourio, Jackson",1436,0.9020100502512562,1117,"74.151984708",0.4310584958217272,0.3357206803939123,0.26114206128133705,0.18352730528200537,0.14275766016713093,"7.464899206",30,-0.9824503026199719,319,0.22214484679665739,577,0.40181058495821725
677951,"Witt Jr., Bobby",1726,0.9055613850996852,1336,"74.130027364",0.43453070683661654,0.3592814371257485,0.27809965237543455,0.20359281437125748,0.15758980301274622,"7.013654855",38,-4.043177914550113,390,0.22595596755504055,722,0.4183082271147161
691016,"Soderstrom, Tyler",1449,0.9084639498432602,1121,"74.125032436",0.4030365769496204,0.3220338983050847,0.24913733609385783,0.19803746654772525,0.15320910973084886,"7.480620573",37,-25.567057925659807,328,0.2263630089717046,581,0.40096618357487923
662139,"Varsho, Daulton",971,0.9049394221808015,735,"74.111338496",0.4057672502574664,0.26258503401360545,0.19876416065911431,0.1251700680272109,0.09474768280123584,"7.771207837",8,-11.246116097095053,236,0.243048403707518,347,0.3573635427394439
691176,"Domínguez, Jasson",1010,0.9099099099099099,744,"74.060493871",0.3801980198019803,0.2903225806451613,0.21386138613861386,0.16666666666666666,0.12277227722772277,"7.78679705",10,-18.260523101477144,266,0.2633663366336634,351,0.3475247524752475
668904,"Lewis, Royce",1110,0.9017059301380991,802,"73.984797027",0.4369369369369369,0.3179551122194514,0.22972972972972974,0.1633416458852868,0.11801801801801802,"8.029227243",20,-13.340964344063996,308,0.2774774774774775,414,0.372972972972973
666160,"Moniak, Mickey",1212,0.9004457652303121,899,"73.968818284",0.40346534653465355,0.3236929922135706,0.2400990099009901,0.1568409343715239,0.11633663366336634,"7.725001568",26,13.770721454660432,313,0.25825082508250824,460,0.3795379537953795
677800,"Abreu, Wilyer",1445,0.9065244667503137,1138,"73.957403218",0.3916955017301038,0.29173989455184535,0.22975778546712802,0.15729349736379614,0.12387543252595155,"7.137182547",22,-23.5371747032749,307,0.2124567474048443,526,0.36401384083044985
664040,"Lowe, Brandon",1782,0.9031931069437404,1244,"73.783685859",0.4051627384960719,0.31270096463022506,0.21829405162738497,0.15916398713826366,0.1111111111111111,"7.128926554",60,-12.646333338851772,538,0.30190796857463525,582,0.3265993265993266
671732,"Butler, Lawrence",1464,0.9025893958076449,1025,"73.73272959",0.3831967213114754,0.2926829268292683,0.20491803278688525,0.16390243902439025,0.11475409836065574,"7.067658361",35,-48.96796521271578,439,0.2998633879781421,492,0.3360655737704918
621043,"Correa, Carlos",1159,0.9097331240188383,914,"73.728383391",0.3805004314063848,0.3085339168490153,0.24331320103537532,0.17943107221006566,0.14150129421915444,"7.201630112",16,-16.203344707891198,245,0.21138912855910266,467,0.4029335634167386
650490,"Díaz, Yandy",1585,0.9072696050372067,1339,"73.666529457",0.37097791798107244,0.3525018670649739,0.29779179810725553,0.22778192681105303,0.19242902208201892,"7.618057363",18,-3.0652242471238287,246,0.15520504731861198,708,0.4466876971608833
667670,"Rooker, Brent",1435,0.9030837004405287,1006,"73.663218418",0.37003484320557484,0.3250497017892644,0.22787456445993032,0.1749502982107356,0.12264808362369338,"7.100725157",52,-23.263480242073378,429,0.29895470383275263,538,0.3749128919860627
624424,"Conforto, Michael",1072,0.9123404255319149,812,"73.639084002",0.394589552238806,0.2857142857142857,0.21641791044776118,0.14532019704433496,0.11007462686567164,"7.294932519",12,-35.34245786108955,260,0.24253731343283583,367,0.3423507462686567
665862,"Chisholm Jr., Jazz",1457,0.904407200496586,1019,"73.591331119",0.37542896362388467,0.3120706575073602,0.2182566918325326,0.155053974484789,0.10844200411805079,"7.847725553",20,-24.89483359666647,438,0.30061770761839396,477,0.3273850377487989
671218,"Ramos, Heliot",1559,0.9048171793383634,1176,"73.49982338",0.3867864015394483,0.32482993197278914,0.2450288646568313,0.1760204081632653,0.13277742142398974,"6.844641597",30,-37.08848242415549,383,0.2456703014753047,574,0.36818473380372035
691718,"Crow-Armstrong, Pete",1937,0.9034514925373134,1449,"73.49439935",0.3680949922560661,0.2912353347135956,0.21786267423851316,0.1538992408557626,0.11512648425400103,"7.29315586",56,-2.1571312636915105,488,0.25193598347960766,649,0.33505420753742904
664056,"Bader, Harrison",1037,0.9064685314685315,746,"73.402278014",0.37319189971070393,0.289544235924933,0.20829315332690454,0.1447721179624665,0.10414657666345227,"7.166804947",24,-13.098174777591774,291,0.2806171648987464,368,0.3548698167791707
543807,"Springer, George",1410,0.9021113243761996,1081,"73.395579894",0.36737588652482284,0.3080481036077706,0.23617021276595745,0.16096207215541167,0.12340425531914893,"7.482718723",30,-4.344338026403857,329,0.23333333333333334,531,0.37659574468085105
673548,"Suzuki, Seiya",1524,0.8996458087367178,1192,"73.336109075",0.3641732283464566,0.3162751677852349,0.2473753280839895,0.17701342281879195,0.1384514435695538,"7.234135971",40,-5.5421114696673355,332,0.2178477690288714,601,0.3943569553805774
592885,"Yelich, Christian",1477,0.9022602321319487,1051,"73.304191564",0.34326337169939053,0.3120837297811608,0.22207176709546378,0.16936251189343482,0.12051455653351388,"7.547465694",29,-27.3749750106797,426,0.28842247799593773,524,0.35477318889641163
661388,"Contreras, William",1590,0.9013605442176871,1269,"73.243950887",0.35094339622641496,0.37825059101654845,0.3018867924528302,0.19227738376674547,0.15345911949685534,"7.136485642",38,-28.436339213628923,321,0.2018867924528302,695,0.4371069182389937
687597,"Beck, Jordan",1099,0.9075144508670521,765,"73.237000764",0.3330300272975432,0.26143790849673204,0.18198362147406733,0.13071895424836602,0.09099181073703366,"7.739711865",10,-15.741858512232048,334,0.3039126478616925,370,0.33666969972702454
669224,"Wells, Austin",1179,0.9020657995409335,874,"73.215111561",0.2943172179813402,0.2940503432494279,0.2179813401187447,0.15675057208237986,0.11620016963528414,"7.614087167",24,-35.98641836831435,305,0.2586938083121289,399,0.3384223918575064
663993,"Lowe, Nathaniel",1422,0.9034307496823379,1111,"73.17853462",0.29465541490857955,0.25742574257425743,0.2011251758087201,0.1332133213321332,0.10407876230661041,"7.310683783",37,-20.504915172037386,311,0.21870604781997188,484,0.340365682137834
542303,"Ozuna, Marcell",1324,0.9025221540558964,962,"73.12159642",0.33761329305135956,0.3097713097713098,0.22507552870090636,0.14345114345114346,0.1042296072507553,"7.325675755",6,-34.3388474685841,362,0.27341389728096677,447,0.3376132930513595
694671,"Langford, Wyatt",1214,0.9066467513069455,915,"73.083677158",0.28418451400329486,0.34863387978142074,0.2627677100494234,0.1726775956284153,0.1301482701812191,"6.987033896",14,-15.508206019887846,299,0.24629324546952225,447,0.36820428336079075
665742,"Soto, Juan",1355,0.899734395750332,1119,"73.080339823",0.35793357933579334,0.40840035746201964,0.3372693726937269,0.2511170688114388,0.207380073800738,"7.046579018",60,25.16794369578712,236,0.17416974169741697,623,0.45977859778597785
679529,"Torkelson, Spencer",1659,0.9080459770114943,1237,"73.06386381",0.2579867389993971,0.2974939369442199,0.2218203737191079,0.1471301535974131,0.10970464135021098,"7.766129741",29,-39.28580200359121,422,0.2543701024713683,566,0.3411693791440627
700250,"Rice, Ben",1375,0.9075907590759076,1099,"73.042289964",0.2996363636363637,0.3776160145586897,0.3018181818181818,0.21929026387625114,0.17527272727272727,"7.464330982",23,10.781995340773994,276,0.20072727272727273,577,0.41963636363636364
686555,"Collins, Isaac",1103,0.9055829228243021,879,"73.020505594",0.26926563916591106,0.3083048919226394,0.2456935630099728,0.14448236632536973,0.11514052583862194,"6.730661759",33,-18.840195820939073,224,0.20308250226654578,444,0.40253853127833183
666139,"Lowe, Josh",1258,0.9037356321839081,911,"72.99601655",0.3203497615262322,0.2601536772777168,0.18839427662957076,0.09989023051591657,0.07233704292527822,"7.370275246",19,-47.15944194386762,347,0.2758346581875994,379,0.30127186009538953
671277,"García Jr., Luis",1429,0.906150919467343,1167,"72.880715836",0.31560531840447875,0.363324764353042,0.2967109867039888,0.1868037703513282,0.15255423372988103,"7.400453632",26,0.34292578345948144,262,0.18334499650104968,626,0.43806857942617217
669357,"Gorman, Nolan",1107,0.9014657980456026,723,"72.841539973",0.2673893405600724,0.28077455048409405,0.18337850045167117,0.1396957123098202,0.09123757904245709,"7.560187922",25,-38.2201532194599,384,0.34688346883468835,317,0.2863595302619693
676475,"Burleson, Alec",1491,0.9036363636363637,1240,"72.747386519",0.2991281019450034,0.3774193548387097,0.31388329979879276,0.19112903225806452,0.158953722334004,"7.499259175",17,-3.836675725576793,251,0.16834339369550638,669,0.448692152917505
681624,"Pages, Andy",1816,0.9003470500743679,1469,"72.73704962",0.2439427312775331,0.2995234853641933,0.2422907488986784,0.13818924438393465,0.11178414096916299,"7.800187753",43,-7.264377836082366,347,0.191079295154185,699,0.3849118942731278
606192,"Hernández, Teoscar",1348,0.9059139784946236,941,"72.719622574",0.2841246290801186,0.3475026567481403,0.24258160237388723,0.1806588735387885,0.1261127596439169,"7.793889763",36,-29.580039114052767,407,0.30192878338278933,497,0.36869436201780414
605137,"Bell, Josh",1560,0.9059233449477352,1217,"72.651426814",0.3115384615384616,0.3294987674609696,0.257051282051282,0.1684470008216927,0.13141025641025642,"7.946341526",24,-37.12492823597941,343,0.21987179487179487,610,0.391025641025641
701538,"Merrill, Jackson",1554,0.9050669772859639,1143,"72.626691995",0.2483912483912484,0.28433945756780404,0.20913770913770913,0.14173228346456693,0.10424710424710425,"7.500510894",27,-36.73181819847383,411,0.2644787644787645,511,0.32882882882882886
682928,"Abrams, CJ",1717,0.9013123359580052,1303,"72.56228622",0.26092020966802576,0.3200306983883346,0.24286546301688994,0.1427475057559478,0.10832847990681421,"7.635599732",47,-21.34000150125651,414,0.24111822947000583,663,0.38613861386138615
672820,"Sosa, Lenyn",1148,0.9053627760252366,898,"72.542027073",0.2560975609756097,0.3363028953229399,0.26306620209059234,0.15701559020044542,0.12282229965156795,"7.453405131",10,-9.736612985458185,250,0.21777003484320556,457,0.3980836236933798
687401,"Ortiz, Joey",1098,0.9037037037037037,924,"72.513236047",0.25409836065573765,0.29004329004329005,0.24408014571949,0.1266233766233766,0.10655737704918032,"7.505799372",11,-31.344438068314215,174,0.15846994535519127,509,0.46357012750455373
521692,"Perez, Salvador",1850,0.9019990248659191,1402,"72.490501649",0.2632432432432433,0.32168330955777463,0.2437837837837838,0.16191155492154066,0.1227027027027027,"7.798532524",32,-49.42288708870095,448,0.24216216216216216,701,0.37891891891891893
668804,"Reynolds, Bryan",1814,0.9029367844698856,1344,"72.470813826",0.26074972436604194,0.31994047619047616,0.237045203969129,0.16294642857142858,0.1207276736493936,"6.970059824",73,-30.83946917368235,470,0.25909592061742004,625,0.34454244762954794
683011,"Volpe, Anthony",1226,0.9027982326951399,931,"72.389222659",0.26019575856443733,0.32653061224489793,0.24796084828711257,0.14930182599355532,0.1133768352365416,"7.227237708",16,-43.80712693313314,295,0.2406199021207178,453,0.3694942903752039
592663,"Realmuto, J.T.",1340,0.907859078590786,1032,"72.362011657",0.28283582089552234,0.31976744186046513,0.2462686567164179,0.14437984496124032,0.11119402985074626,"7.48319094",22,-48.2028198213489,308,0.2298507462686567,494,0.3686567164179104
607043,"Nimmo, Brandon",1689,0.9041755888650964,1309,"72.357663967",0.27235050325636473,0.35064935064935066,0.27175843694493784,0.1894576012223071,0.14683244523386618,"7.123005796",37,-35.97131941615867,380,0.22498519834221434,640,0.3789224393132031
608369,"Seager, Corey",1103,0.9040983606557377,790,"72.310770218",0.1903898458748867,0.35063291139240504,0.2511332728921124,0.1911392405063291,0.13689936536718042,"6.693435195",35,-22.8720024219358,313,0.28377153218495016,387,0.35086128739800543
665161,"Peña, Jeremy",1191,0.9043280182232346,882,"72.277174744",0.14777497900923595,0.38095238095238093,0.28211586901763225,0.17800453514739228,0.13182199832073888,"7.509798556",20,-3.563190703554781,309,0.2594458438287154,533,0.4475230898404702
673237,"Diaz, Yainer",1263,0.9040801717967072,998,"72.273485843",0.21536025336500395,0.35370741482965934,0.27949326999208235,0.16633266533066132,0.13143309580364212,"7.336667625",37,-17.099765318343714,265,0.20981789390340458,542,0.42913697545526525
657656,"Laureano, Ramón",1187,0.9019756838905775,869,"72.26559989",0.23420387531592254,0.30149597238204834,0.22072451558550968,0.1518987341772152,0.11120471777590564,"7.038551188",38,-11.782928256411191,318,0.2679022746419545,396,0.33361415332771693
672386,"Kirk, Alejandro",995,0.9095063985374772,817,"72.250181427",0.2592964824120604,0.3806609547123623,0.31256281407035175,0.19706242350061198,0.16180904522613065,"7.189028633",17,-23.734522268826176,178,0.17889447236180905,455,0.457286432160804
593428,"Bogaerts, Xander",1188,0.9020501138952164,938,"72.23782931",0.265993265993266,0.35501066098081024,0.2803030303030303,0.14712153518123666,0.11616161616161616,"7.35985362",31,-31.391885359437662,250,0.21043771043771045,539,0.4537037037037037
650489,"Castro, Willi",1400,0.9026434558349452,1009,"72.212416671",0.24214285714285713,0.26461843409316155,0.19071428571428573,0.11694747274529237,0.08428571428571428,"7.2835579",21,-32.50389631282515,391,0.2792857142857143,438,0.31285714285714283
502671,"Goldschmidt, Paul",1354,0.9117845117845118,1074,"72.205639069",0.19571639586410633,0.3286778398510242,0.26070901033973415,0.15176908752327747,0.12038404726735598,"7.574542046",12,-11.549621398982309,280,0.206794682422452,538,0.397341211225997
642715,"Adames, Willy",1800,0.9040683073832245,1328,"72.157341844",0.21833333333333338,0.29593373493975905,0.21833333333333332,0.1197289156626506,0.08833333333333333,"8.153691256",24,-28.505244923033743,472,0.26222222222222225,629,0.34944444444444445
665966,"Narváez, Carlos",1132,0.9048760991207034,826,"72.134981104",0.2014134275618375,0.33292978208232443,0.24293286219081273,0.14043583535108958,0.10247349823321555,"7.567943896",25,-26.94976556147318,306,0.2703180212014134,370,0.32685512367491165
669477,"Schmitt, Casey",1229,0.9043414275202355,960,"72.122009894",0.24654190398698136,0.321875,0.25142392188771356,0.15625,0.12205044751830757,"7.544291025",19,-16.560514804087028,269,0.21887713588283156,467,0.3799837266069976
663616,"Larnach, Trevor",1291,0.9046951646811493,939,"72.106694508",0.22153369481022467,0.3610223642172524,0.26258714175058095,0.16080937167199147,0.11696359411309062,"7.255168226",27,-22.858731313533404,352,0.2726568551510457,523,0.4051123160340821
665019,"Clemens, Kody",1227,0.9062038404726735,944,"72.075532698",0.15403422982885087,0.3622881355932203,0.2787286063569682,0.18114406779661016,0.1393643031784841,"7.220817172",18,-17.23343974382883,283,0.2306438467807661,453,0.3691931540342298
678246,"Vargas, Miguel",1581,0.9034285714285715,1295,"72.057202562",0.25173940543959517,0.35135135135135137,0.28779253636938645,0.15135135135135136,0.12397216951296648,"7.665933827",20,-31.912026144872335,286,0.18089816571790007,625,0.3953194180898166
553993,"Suárez, Eugenio",1607,0.8987695749440716,1109,"72.046818171",0.24082140634723087,0.3011722272317403,0.20784069695084006,0.1406672678088368,0.0970752955818295,"7.791879359",81,-6.99908892133474,498,0.3098942128189172,506,0.3148724331051649
681351,"O'Hoppe, Logan",1180,0.9000762776506483,832,"72.036890093",0.22203389830508474,0.328125,0.23135593220338982,0.16706730769230768,0.11779661016949153,"7.580307102",29,-42.6110011356757,348,0.29491525423728815,400,0.3389830508474576
672275,"Bailey, Patrick",1098,0.9022185702547247,808,"72.016084763",0.21766848816029138,0.30816831683168316,0.226775956284153,0.12871287128712872,0.0947176684881603,"7.302202641",19,-44.79960505111966,290,0.2641165755919854,392,0.3570127504553734
668901,"Vientos, Mark",1242,0.9078947368421053,865,"72.002756643",0.19806763285024162,0.3560693641618497,0.24798711755233493,0.1745664739884393,0.1215780998389694,"7.540386844",37,-32.883613487242044,377,0.3035426731078905,435,0.3502415458937198
666969,"García, Adolis",1441,0.9062893081761006,1023,"71.999580812",0.25468424705065934,0.3567937438905181,0.2532963219986121,0.16324535679374388,0.11589174184594032,"7.616638737",25,-53.926428348568535,418,0.2900763358778626,502,0.34836918806384454
672580,"Garcia, Maikel",1285,0.904292751583392,1124,"71.940959658",0.18054474708171206,0.4199288256227758,0.3673151750972763,0.19750889679715303,0.17276264591439688,"7.218642685",19,-11.142643503091259,161,0.12529182879377432,686,0.533852140077821
681481,"Carpenter, Kerry",1226,0.9061345158906134,921,"71.878535987",0.17373572593800982,0.3561346362649294,0.26753670473083196,0.1476655808903366,0.11092985318107668,"7.455440261",30,-3.379758903043528,305,0.24877650897226752,440,0.35889070146818924
664023,"Happ, Ian",1698,0.9046350559403303,1249,"71.865478298",0.1855123674911661,0.3130504403522818,0.23027090694935218,0.1577261809447558,0.1160188457008245,"6.914420106",20,-40.01353541079334,449,0.26442873969375735,589,0.3468786808009423
672640,"Lopez, Otto",1464,0.9031462060456509,1203,"71.850728313",0.23428961748633884,0.3848711554447215,0.3162568306010929,0.18038237738985868,0.148224043715847,"6.792760376",34,-13.092546543062602,261,0.17827868852459017,707,0.48292349726775957
686469,"Pasquantino, Vinnie",1576,0.906789413118527,1318,"71.821261225",0.21002538071065996,0.34749620637329287,0.2906091370558376,0.16236722306525037,0.13578680203045684,"7.346310063",20,-18.78269040769963,258,0.16370558375634517,671,0.42576142131979694
668227,"Arozarena, Randy",1711,0.9005263157894737,1247,"71.820785061",0.2700175336060783,0.3536487570168404,0.2577440093512566,0.17080994386527668,0.1244886031560491,"7.352512361",26,-28.933335828627317,464,0.2711864406779661,600,0.3506721215663355
693307,"Dingler, Dillon",1373,0.9050758075148319,1074,"71.81433405",0.157319737800437,0.33798882681564246,0.26438455935906774,0.16759776536312848,0.13109978150036417,"7.682618791",22,-3.51955903142257,299,0.2177713037144938,534,0.3889293517844137
678662,"Tovar, Ezequiel",1418,0.9031847133757962,995,"71.805142031",0.19746121297602257,0.25829145728643216,0.18124118476727785,0.11055276381909548,0.07757404795486601,"7.564306453",20,-52.35064698106166,423,0.29830747531734836,440,0.31029619181946405
663656,"Tucker, Kyle",1573,0.9029850746268657,1278,"71.735984704",0.22250476795931345,0.3474178403755869,0.28226319135410044,0.13302034428794993,0.1080737444373808,"7.472130572",25,-33.67643071847644,295,0.18753973299427845,644,0.4094087730451367
646240,"Devers, Rafael",1989,0.9086340794883508,1390,"71.639075063",0.2036199095022625,0.32302158273381293,0.22574157868275516,0.17985611510791366,0.1256913021618904,"7.549192247",37,-38.471841239942414,599,0.3011563599798894,604,0.3036701860231272
669016,"Marsh, Brandon",1322,0.9042407660738714,1017,"71.43546851",0.14750378214826024,0.33726647000983284,0.2594553706505295,0.15240904621435594,0.1172465960665658,"7.198663359",11,-3.978327200422716,305,0.23071104387291982,492,0.3721633888048411
571448,"Arenado, Nolan",1238,0.8997093023255814,1014,"71.420838554",0.16639741518578352,0.3175542406311637,0.26009693053311794,0.10059171597633136,0.08239095315024232,"8.424822714",36,-34.72317809014221,224,0.18093699515347333,537,0.43376413570274636
656811,"O'Hearn, Ryan",1461,0.9114160948222083,1158,"71.413078891",0.14647501711156743,0.3324697754749568,0.26351813826146475,0.13644214162348878,0.108145106091718,"7.124242772",26,-9.440813391951457,303,0.20739219712525667,564,0.3860369609856263
607208,"Turner, Trea",1766,0.9065708418891171,1332,"71.340470696",0.18233295583238956,0.3400900900900901,0.2565118912797282,0.13288288288288289,0.10022650056625142,"7.585833131",29,-34.995965368603734,434,0.24575311438278596,691,0.3912797281993205
664034,"France, Ty",1278,0.9019054340155258,999,"71.320399836",0.16197183098591547,0.3263263263263263,0.25508607198748046,0.15915915915915915,0.12441314553990611,"7.470095485",32,-27.655467116184703,279,0.21830985915492956,474,0.37089201877934275
571970,"Muncy, Max",1098,0.9,821,"71.314840556",0.139344262295082,0.3386114494518879,0.25318761384335153,0.16199756394640683,0.12112932604735883,"6.983517632",20,-15.720372974656518,277,0.2522768670309654,393,0.35792349726775957
596019,"Lindor, Francisco",1476,0.9066339066339066,1171,"71.281463354",0.17750677506775075,0.340734415029889,0.2703252032520325,0.13919726729291204,0.11043360433604336,"7.498726064",20,-37.12021759149136,305,0.20663956639566394,554,0.37533875338753386
664761,"Bohm, Alec",1329,0.9053133514986376,1137,"71.253236847",0.14973664409330323,0.38258575197889183,0.327313769751693,0.16094986807387862,0.13769751693002258,"7.24255313",17,-28.31167501521277,192,0.14446952595936793,623,0.4687735139202408
687263,"Neto, Zach",1668,0.9021092482422931,1180,"71.231964898",0.12889688249400483,0.338135593220339,0.2392086330935252,0.14661016949152542,0.10371702637889688,"7.071510198",53,-21.75398348104123,488,0.29256594724220625,539,0.32314148681055155
690993,"Keith, Colt",1124,0.9086499595796281,892,"71.188667198",0.13523131672597863,0.3755605381165919,0.29804270462633453,0.1625560538116592,0.1290035587188612,"6.828902651",23,-29.125308852247116,232,0.20640569395017794,476,0.4234875444839858
641487,"Crawford, J.P.",1547,0.9036214953271028,1260,"71.182775617",0.19263089851325144,0.30952380952380953,0.25210084033613445,0.10952380952380952,0.0892049127343245,"7.225804279",11,-44.43246242858764,287,0.18552036199095023,611,0.3949579831932773
630105,"Cronenworth, Jake",1037,0.8993928881179531,834,"71.176845824",0.16393442622950824,0.29856115107913667,0.24011571841851495,0.1211031175059952,0.09739633558341369,"7.070015381",13,-34.07937163745251,203,0.19575699132111862,385,0.3712632594021215
573262,"Yastrzemski, Mike",1247,0.9036231884057971,1024,"71.173514579",0.08901363271852447,0.353515625,0.29029671210906177,0.13671875,0.11226944667201283,"7.476901933",24,-37.51741996466204,223,0.17882919005613473,503,0.4033680834001604
621020,"Swanson, Dansby",1712,0.9020021074815595,1229,"71.116790275",0.07184579439252337,0.36208299430431246,0.25992990654205606,0.161106590724166,0.11565420560747663,"7.48361948",43,-36.404850667802855,483,0.2821261682242991,619,0.36156542056074764
596115,"Story, Trevor",1497,0.9056261343012704,1054,"71.096017702",0.14428857715430865,0.3083491461100569,0.21710086840347362,0.15749525616698293,0.11088844355377421,"7.375835939",24,-27.12111196060454,443,0.2959251837007348,487,0.32531730126920505
691026,"Winn, Masyn",1428,0.9037974683544304,1148,"71.043964426",0.1589635854341737,0.32578397212543553,0.2619047619047619,0.12630662020905922,0.1015406162464986,"7.400331064",15,-40.51736256595026,280,0.19607843137254902,583,0.40826330532212884
682177,"Schneemann, Daniel",1119,0.9009661835748792,803,"71.027433271",0.11885612153708668,0.32627646326276466,0.23413762287756926,0.1357409713574097,0.09740840035746202,"7.030960813",38,-35.57394213128261,316,0.28239499553172476,394,0.3521000893655049
686668,"Doyle, Brenton",1064,0.9047619047619048,766,"70.974977519",0.0836466165413534,0.34203655352480417,0.2462406015037594,0.15404699738903394,0.11090225563909774,"7.228906823",30,-35.062358769871004,298,0.2800751879699248,399,0.375
668715,"Steer, Spencer",1557,0.9031322505800464,1184,"70.930962935",0.0700064226075787,0.3158783783783784,0.24020552344251767,0.11908783783783784,0.0905587668593449,"7.384475832",27,-26.09505544582955,373,0.23956326268464997,584,0.37508028259473347
656775,"Mullins, Cedric",1395,0.9046692607003891,1088,"70.912879857",0.0953405017921147,0.30606617647058826,0.23870967741935484,0.109375,0.08530465949820788,"7.48903881",22,-56.22317789689837,307,0.22007168458781362,475,0.34050179211469533
663757,"Grisham, Trent",1200,0.9022556390977443,987,"70.762953842",0.10083333333333334,0.3951367781155015,0.325,0.1894630192502533,0.15583333333333332,"7.519357975",19,-17.041230583127437,213,0.1775,517,0.43083333333333335
608348,"Kelly, Carson",1063,0.9101027397260274,842,"70.674370997",0.07525870178739417,0.3515439429928741,0.27845719661335844,0.14845605700712589,0.11759172154280338,"6.97934666",6,-17.552937452941542,221,0.2079021636876764,427,0.40169332079021636
608070,"Ramírez, José",1594,0.9056818181818181,1364,"70.670057309",0.1499372647427854,0.33651026392961875,0.28795483061480553,0.13343108504398826,0.11417816813048934,"7.237938055",22,-12.68596686755615,230,0.14429109159347553,671,0.4209535759096612
647304,"Naylor, Josh",1502,0.8994011976047904,1214,"70.669605386",0.14247669773635155,0.39209225700164746,0.3169107856191744,0.1556836902800659,0.12583222370173103,"7.574951565",30,-24.9973768033031,288,0.19174434087882822,697,0.4640479360852197
666971,"Gurriel Jr., Lourdes",1222,0.9018450184501845,992,"70.62117545",0.0965630114566285,0.35181451612903225,0.2855973813420622,0.12096774193548387,0.09819967266775777,"7.502783101",22,-25.661109306891603,230,0.18821603927986907,525,0.42962356792144024
702616,"Holliday, Jackson",1208,0.9028400597907325,919,"70.596640538",0.10099337748344372,0.34602829162132753,0.2632450331125828,0.1458106637649619,0.11092715231788079,"6.9432763",28,-34.32814590179745,289,0.2392384105960265,477,0.39486754966887416
678882,"Rafaela, Ceddanne",1758,0.9020010261672653,1318,"70.583969215",0.10523321956769056,0.3254931714719272,0.2440273037542662,0.11911987860394538,0.08930602957906712,"7.411003919",32,-28.287414590616777,440,0.2502844141069397,649,0.3691695108077361
693304,"Gonzales, Nick",1335,0.9026369168356998,1032,"70.529604727",0.12734082397003746,0.32751937984496127,0.2531835205992509,0.12015503875968993,0.09288389513108614,"7.486731371",35,-29.761753273507168,303,0.22696629213483147,521,0.3902621722846442
682657,"Martínez, Angel",1233,0.9019751280175567,978,"70.474155345",0.12489862124898625,0.2995910020449898,0.23763179237631793,0.1032719836400818,0.08191403081914031,"7.367292968",15,-34.60501363968789,255,0.20681265206812652,446,0.36171938361719386
608324,"Bregman, Alex",1328,0.9064846416382253,1154,"70.462476581",0.06400602409638553,0.40467937608318894,0.3516566265060241,0.1317157712305026,0.1144578313253012,"7.034821724",29,-22.874269837932165,174,0.13102409638554216,638,0.48042168674698793
668930,"Turang, Brice",1706,0.90121500264131,1380,"70.399315064",0.15005861664712777,0.34202898550724636,0.27667057444314186,0.14565217391304347,0.11781946072684643,"6.793532069",39,-5.061165368563675,326,0.1910902696365768,636,0.37280187573270807
673962,"Jung, Josh",1430,0.903348073278585,1134,"70.39276258",0.06713286713286715,0.3509700176366843,0.2783216783216783,0.16313932980599646,0.12937062937062938,"6.988284517",30,-19.052113472660377,296,0.206993006993007,571,0.3993006993006993
680574,"McLain, Matt",1342,0.902488231338265,983,"70.387099411",0.07898658718330852,0.3306205493387589,0.2421758569299553,0.12817904374364192,0.09388971684053651,"6.872563271",42,-54.64043597690626,359,0.26751117734724295,474,0.353204172876304
592206,"Castellanos, Nick",1358,0.9017264276228419,959,"70.375054912",0.1575846833578792,0.3232533889468196,0.22827687776141384,0.11991657977059438,0.08468335787923417,"7.679872224",20,-29.215410283005436,399,0.29381443298969073,448,0.32989690721649484
700932,"Manzardo, Kyle",1377,0.9035433070866141,1010,"70.316258446",0.07625272331154684,0.3435643564356436,0.25199709513435004,0.1306930693069307,0.09586056644880174,"7.383685497",30,-26.27657322377029,367,0.2665214233841685,476,0.345679012345679
666018,"Aranda, Jonathan",1361,0.901921802518224,1060,"70.276898251",0.12858192505510657,0.34056603773584904,0.2652461425422483,0.15943396226415094,0.12417340191036003,"7.20148014",21,3.623917086361207,301,0.22116091109478325,473,0.3475385745775165
518692,"Freeman, Freddie",1834,0.8999018645731109,1422,"70.137131565",0.08778625954198473,0.34458509142053445,0.26717557251908397,0.15260196905766527,0.1183206106870229,"6.821129956",25,-18.486268990699983,412,0.22464558342420937,674,0.3675027262813522
670770,"Friedl, TJ",1180,0.9056024558710668,957,"70.119383432",0.07288135593220338,0.3667711598746082,0.29745762711864404,0.11494252873563218,0.09322033898305085,"6.739517805",24,-52.30998497448666,223,0.18898305084745762,543,0.46016949152542375
677587,"Rocchio, Brayan",1216,0.9014084507042254,927,"70.068363051",0.07565789473684212,0.3441208198489752,0.2623355263157895,0.11326860841423948,0.08634868421052631,"7.323128832",19,-40.053870337919186,289,0.23766447368421054,485,0.3988486842105263
695734,"Lile, Daylen",1293,0.9073684210526316,1041,"70.022447409",0.06109822119102862,0.34197886647454373,0.27532869296210366,0.12007684918347743,0.09667440061871617,"7.332650387",18,-26.350396815143625,252,0.19489559164733178,519,0.4013921113689095
650859,"Rengifo, Luis",1236,0.9015317286652079,979,"69.932456173",0.09708737864077671,0.34831460674157305,0.2758899676375405,0.11031664964249234,0.08737864077669903,"7.105929798",15,-52.49715588812762,257,0.20792880258899676,513,0.41504854368932037
641355,"Bellinger, Cody",1728,0.9070866141732283,1425,"69.908938663",0.05208333333333334,0.35929824561403506,0.2962962962962963,0.12771929824561404,0.10532407407407407,"7.799963958",17,-13.386980707325424,303,0.1753472222222222,732,0.4236111111111111
669257,"Smith, Will",965,0.8993476234855545,785,"69.878869482",0.06632124352331611,0.3554140127388535,0.28911917098445594,0.1554140127388535,0.12642487046632125,"7.261421762",29,-9.670976055520276,180,0.18652849740932642,380,0.39378238341968913
686797,"Lee, Brooks",1486,0.9016990291262136,1185,"69.785761157",0.08815612382234184,0.35443037974683544,0.28263795423956933,0.09535864978902954,0.07604306864064603,"7.094209367",60,-42.487474606730785,301,0.20255720053835802,603,0.4057873485868102
643446,"McNeil, Jeff",1321,0.9029391660970608,1135,"69.735095413",0.07342922028766088,0.3233480176211454,0.2778198334595004,0.07665198237885462,0.06585919757759273,"7.265124989",25,-40.883313813812485,186,0.14080242240726723,536,0.4057532172596518
650402,"Torres, Gleyber",1236,0.9028487947406866,1002,"69.627380817",0.09708737864077668,0.36127744510978044,0.2928802588996764,0.12974051896207583,0.10517799352750809,"7.116475583",21,-36.7393696903924,234,0.18932038834951456,501,0.4053398058252427
681082,"Stott, Bryson",1428,0.9032258064516129,1211,"69.588133746",0.06092436974789918,0.34929810074318746,0.296218487394958,0.11725846407927333,0.09943977591036414,"7.221262465",22,-28.49429232673285,217,0.15196078431372548,620,0.4341736694677871
666182,"Bichette, Bo",1734,0.8998443175921121,1430,"69.529814735",0.11880046136101499,0.34055944055944054,0.2808535178777393,0.15104895104895105,0.1245674740484429,"7.246527382",26,-29.544746252103934,304,0.17531718569780855,688,0.39677047289504036
514888,"Altuve, Jose",1418,0.901462174189447,1129,"69.379969252",0.10155148095909736,0.3312666076173605,0.2637517630465444,0.10097431355181577,0.08039492242595205,"7.58286969",20,-16.33180773789595,289,0.20380818053596614,604,0.42595204513399154
643217,"Benintendi, Andrew",1261,0.9013581129378128,950,"69.207258176",0.03885804916732752,0.3757894736842105,0.2831086439333862,0.13578947368421052,0.10229976209357652,"7.103692895",25,-31.364144069047413,311,0.24662965900079303,495,0.39254559873116573
605141,"Betts, Mookie",1199,0.89812734082397,1061,"69.151488774",0.07923269391159296,0.473138548539114,0.4186822351959967,0.13666352497643733,0.12093411175979983,"7.016744662",44,-24.524141057995017,138,0.11509591326105087,658,0.548790658882402
683737,"Busch, Michael",1560,0.9001731102135025,1175,"69.121476994",0.05897435897435898,0.38382978723404254,0.28910256410256413,0.1574468085106383,0.11858974358974358,"7.006993635",33,-24.983137361634597,385,0.2467948717948718,573,0.36730769230769234
669701,"Smith, Josh",1129,0.9010375099760575,908,"69.063208379",0.03542958370239149,0.33370044052863435,0.2683790965456156,0.10352422907488987,0.08325952170062002,"6.791887148",19,-38.545950461079435,221,0.19574844995571303,445,0.3941541186891054
645277,"Albies, Ozzie",1834,0.8999018645731109,1483,"69.039330971",0.064340239912759,0.34861766689143625,0.2818974918211559,0.0815913688469319,0.06597600872410032,"7.194674013",29,-50.94778633000542,351,0.19138495092693567,733,0.39967284623773175
621493,"Ward, Taylor",1437,0.9020715630885122,1140,"68.979338038",0.05567153792623523,0.38333333333333336,0.30410577592205984,0.13508771929824562,0.10716771050800278,"7.002505031",41,-17.501652053229396,297,0.20668058455114824,590,0.41057759220598466
676609,"Caballero, José",1073,0.9001677852348994,788,"68.978085797",0.0885368126747437,0.2956852791878173,0.21714818266542404,0.07868020304568528,0.05778191985088537,"6.779224436",21,-20.040374715029447,285,0.2656104380242311,358,0.3336439888164026
665926,"Giménez, Andrés",1188,0.9047981721249048,895,"68.714753291",0.055555555555555566,0.32625698324022345,0.24579124579124578,0.07039106145251396,0.05303030303030303,"7.019508535",16,-51.123584908099986,293,0.24663299663299662,431,0.3627946127946128
687462,"Horwitz, Spencer",1091,0.9001650165016502,918,"68.687104042",0.06324472960586619,0.3289760348583878,0.2768102658111824,0.09586056644880174,0.08065994500458296,"6.963869432",17,-16.46860186398853,173,0.15857011915673694,437,0.4005499541704858
643289,"Dubón, Mauricio",1253,0.9001436781609196,1078,"68.557666137",0.027932960893854747,0.323747680890538,0.2785315243415802,0.07884972170686456,0.06783719074221868,"7.519948994",20,-26.92566636466022,175,0.13966480446927373,555,0.4429369513168396
543760,"Semien, Marcus",1399,0.9002574002574003,1105,"68.543499242",0.040743388134381706,0.35203619909502265,0.2780557541100786,0.1076923076923077,0.08506075768406005,"7.752981151",44,-62.443101872280856,294,0.21015010721944247,547,0.3909935668334525
663538,"Hoerner, Nico",1579,0.9038351459645106,1438,"68.416414167",0.022165927802406594,0.4019471488178025,0.3660544648511716,0.09040333796940195,0.08233058898036733,"7.214021032",27,-36.34901252273885,141,0.08929702343255225,832,0.5269157694743508
702332,"Durbin, Caleb",1174,0.9044684129429892,1047,"68.402200963",0.03577512776831346,0.35816618911174786,0.3194207836456559,0.08404966571155682,0.07495741056218058,"6.884899302",36,-28.945581597336044,127,0.10817717206132879,587,0.5
808982,"Lee, Jung Hoo",1438,0.89875,1267,"68.356027935",0.028511821974965226,0.4064719810576164,0.3581363004172462,0.10102604577742699,0.0890125173852573,"7.607976391",10,-25.232746206983478,171,0.11891515994436717,717,0.49860917941585536
670623,"Paredes, Isaac",1263,0.8995726495726496,1056,"68.295087617",0.0791765637371338,0.32386363636363635,0.27078384798099764,0.08333333333333333,0.06967537608867776,"7.924824188",13,-26.14612931096572,207,0.16389548693586697,483,0.3824228028503563
686217,"Frelick, Sal",1291,0.90406162464986,1163,"68.236554431",0.04570100697134005,0.351676698194325,0.31680867544539115,0.0825451418744626,0.07436096049573973,"7.104747335",20,-27.483818127048384,128,0.09914794732765299,619,0.47947327652982186
656716,"McKinstry, Zach",1240,0.9097578870139399,993,"67.907417185",0.028225806451612896,0.2980866062437059,0.23870967741935484,0.08056394763343404,0.06451612903225806,"6.778285685",15,-30.36062723093626,247,0.19919354838709677,465,0.375
672695,"Perdomo, Geraldo",1570,0.9007458405048766,1399,"67.814777631",0.0337579617834395,0.365975696926376,0.32611464968152865,0.09292351679771266,0.08280254777070063,"6.927621452",33,-15.087369014343782,171,0.1089171974522293,722,0.45987261146496816
664770,"Lukes, Nathan",1062,0.8954468802698144,900,"67.793735537",0.04896421845574389,0.3466666666666667,0.2937853107344633,0.10222222222222223,0.08662900188323917,"6.46446113",10,-8.705519007721353,162,0.15254237288135594,444,0.4180790960451977
694384,"Schanuel, Nolan",1288,0.9000698812019566,1096,"67.686651615",0.06133540372670808,0.3740875912408759,0.31832298136645965,0.09124087591240876,0.07763975155279502,"6.726000901",27,-36.05931733440034,192,0.14906832298136646,567,0.44021739130434784
676391,"Clement, Ernie",1430,0.9022082018927445,1254,"67.534859175",0.027272727272727268,0.41467304625199364,0.36363636363636365,0.07974481658692185,0.06993006993006994,"7.083905601",50,-22.699695656625504,176,0.12307692307692308,730,0.5104895104895105
669364,"Edwards, Xavier",1497,0.901264298615292,1305,"67.5000498",0.024716098864395453,0.3716475095785441,0.3239812959251837,0.07049808429118774,0.0614562458249833,"6.446309519",19,-40.94729807720932,192,0.1282565130260521,690,0.46092184368737477
805367,"Meidroth, Chase",1268,0.9005681818181818,1087,"67.215233927",0.013406940063091483,0.4047838086476541,0.3470031545741325,0.10395584176632934,0.08911671924290221,"6.631614716",23,-32.20275742553585,181,0.14274447949526814,571,0.4503154574132492
663968,"Mangum, Jake",1237,0.8989825581395349,1000,"67.21520823",0.04365400161681487,0.314,0.253839935327405,0.083,0.06709781729991916,"6.576129652",18,-20.08012439817453,237,0.1915925626515764,455,0.36782538399353276
802415,"Simpson, Chandler",1072,0.9000839630562553,967,"64.53826431",0.003731343283582091,0.4332988624612203,0.3908582089552239,0.02688728024819028,0.024253731343283583,"6.410700168",11,-30.861516573935493,105,0.09794776119402986,580,0.5410447761194029
805779,"Wilson, Jacob",1094,0.899671052631579,972,"63.952758172",0.0027422303473491785,0.39814814814814814,0.3537477148080439,0.047325102880658436,0.04204753199268738,"6.125711901",16,-13.843787296449275,122,0.11151736745886655,541,0.4945155393053016
680757,"Kwan, Steven",1379,0.9001305483028721,1279,"63.388870138",0.006526468455402465,0.43080531665363564,0.3995649021029732,0.033620015637216574,0.03118201595358956,"6.302918992",20,-53.37617694264718,100,0.0725163161711385,702,0.5090645395213923
650333,"Arraez, Luis",1627,0.8993919292426755,1525,"62.889712409",0.0024585125998770737,0.4518032786885246,0.42347879532882604,0.021639344262295083,0.020282728948985862,"5.87768209",10,-29.735840579241156,102,0.0626920712968654,816,0.5015365703749232